Plot.Myc.Legacy,Species.Myc.Type,Unit,Position,Species,Identifier.1,corrected.percent.C,corrected.percent.N,C:N,C13.corrected,N15.corrected
AM,AM,10_5,Edge,PRSE,10_5 E PRSE,51.68523306,5.043674447,10.24753552,-30.5526827,1.1963797
AM,AM,10_5,Center,PRSE,10_5 C PRSE,51.66749541,3.994538641,12.93453388,-31.13896144,0.946134155
AM,AM,10_5,Center,PRSE,10_5 C PRSE,52.2785377,4.193254967,12.46729286,-31.09281532,1.047634125
AM,AM,10_5,Center,PRSE,10_5 C PRSE,51.99269736,3.903130014,13.32077004,-30.69197775,1.881656688
EcM,EcM,14_5,Edge,BELE,14_5 E BELE,50.02418952,3.319224499,15.07104733,-32.14854795,5.275856837
EcM,EcM,14_5,Edge,BELE,14_5 E BELE,50.19451635,3.34828209,14.9911253,-32.11626907,5.319423729
EcM,EcM,14_5,Edge,BELE,14_5 E BELE,50.96723906,3.598761519,14.1624386,-31.89864343,4.80145834
EcM,AM,14_5,Center,NYSY,14_5 C NYSY,49.67892909,2.48082975,20.02512631,-30.16701677,3.590116239
EcM,AM,14_5,Center,NYSY,14_5 C NYSY,49.55408057,2.44201174,20.29231873,-29.84743354,3.538809686
EcM,AM,14_5,Edge,ACSA,14_5 E ACSA,51.34977449,1.670105136,30.74643228,-28.8040356,-0.034610255
EcM,AM,14_5,Edge,ACSA,14_5 E ACSA,51.47485339,1.680465025,30.63131491,-28.68849884,-0.072351975
EcM,AM,14_5,Edge,ACSA,14_5 E ACSA,51.01550058,2.013498164,25.33675048,-30.756415,1.617085013
EcM,AM,14_5,Edge,ACSA,14_5 E ACSA,50.79076037,1.959617241,25.91871479,-30.72636664,1.52415562
EcM,AM,14_5,Center,ACSA,14_5 C ACSA,51.16343759,2.325217381,22.00372232,-29.25062605,0.802476539
EcM,AM,14_5,Center,ACSA,14_5 C ACSA,51.1642692,2.008970477,25.46790497,-28.45130164,0.725772891
EcM,AM,14_5,Center,ACSA,14_5 C ACSA,50.04047705,2.421151159,20.66805159,-30.56294546,6.40084603
EcM,AM,14_5,Edge,PRSE,14_5 E PRSE,50.50566213,4.066424423,12.42016496,-30.00189887,2.507897302
EcM,AM,14_5,Edge,PRSE,14_5 E PRSE,50.377042,4.11238537,12.25007811,-30.83264926,4.563786874
EcM,AM,14_5,Edge,PRSE,14_5 E PRSE,50.27488784,3.823391033,13.14929271,-29.73701664,2.078501963
EcM,AM,14_5,Edge,PRSE,14_5 E PRSE,50.42848608,4.241353092,11.88971656,-31.31099602,4.631538703
EcM,AM,14_7,Center,PRSE,14_7 C PRSE,49.22112972,4.248115042,11.58658116,-29.91936784,3.080891045
EcM,AM,14_5,Center,PRSE,14_5 C PRSE,51.69675317,4.34110751,11.90865535,-31.39875447,5.183101177
EcM,AM,14_5,Center,PRSE,14_5 C PRSE,51.3880798,4.314973658,11.90924531,-31.53588646,5.553405233
EcM,AM,14_5,Edge,ACRU,14_5 E ACRU,51.41338476,2.656520494,19.35365637,-31.95818056,2.656052625
EcM,AM,14_5,Edge,ACRU,14_5 E ACRU,51.41661519,2.528739748,20.3329011,-31.74107796,2.067546729
EcM,AM,14_5,Edge,ACRU,14_5 E ACRU,52.00861074,2.279616689,22.81462976,-32.332083,2.617468544
EcM,AM,14_5,Edge,ACRU,14_5 E ACRU,51.47058475,1.429252606,36.0122378,-31.50036055,1.644970995
EcM,AM,14_5,Center,ACRU,14_5 C ACRU,51.57653882,2.504865453,20.5905426,-30.38997822,4.565280675
EcM,AM,14_7,Edge,ACRU,14_7 E ACRU,50.07115204,2.719897403,18.40920617,-32.64116244,1.215242678
EcM,AM,14_5,Center,ACRU,14_5 C ACRU,51.65751092,2.511721374,20.56657695,-29.8413215,4.498222452
EcM,AM,14_5,Center,ACRU,14_5 C ACRU,51.09681622,2.040098627,25.04624803,-32.28752279,4.665486397
EcM,AM,14_5,Center,ACRU,14_5 C ACRU,50.48780822,2.550745102,19.79335692,-31.51150753,3.053197004
EcM,EcM,14_5,Center,CACO,14_5 C CACO,49.66550119,1.866298038,26.61177378,-29.0881204,2.264111251
EcM,EcM,14_5,Edge,CACO,14_5 E CACO,50.30028019,2.433810681,20.66729372,-29.00039785,2.264454791
EcM,EcM,14_5,Edge,CACO,14_5 E CACO,49.94558635,2.287563206,21.83353282,-28.79647081,2.248409535
EcM,EcM,14_5,Edge,CACO,14_5 E CACO,49.04230686,1.950632862,25.14174134,-30.60059091,1.665690225
EcM,AM,14_7,Edge,ACRU,14_7 E ACRU,50.26164196,2.074833215,24.22442517,-31.67504346,1.907349072
EcM,EcM,14_5,Edge,TIAM,14_5 E TIAM,47.97029362,3.257730409,14.72506549,-30.1650352,5.11520452
EcM,EcM,14_5,Edge,TIAM,14_5 E TIAM,48.5027546,2.688426948,18.04131395,-29.84603162,1.993016484
EcM,EcM,14_5,Edge,TIAM,14_5 E TIAM,48.06346144,3.25057157,14.78615696,-32.58007167,4.557570648
EcM,EcM,14_5,Center,TIAM,14_5 C TIAM,48.4369764,3.274438083,14.79245451,-29.44151143,2.730389373
EcM,EcM,14_5,Center,TIAM,14_5 C TIAM,48.69233599,3.153414751,15.4411455,-28.74909373,3.339068072
EcM,EcM,14_5,Center,TIAM,14_5 C TIAM,49.27045329,3.286009072,14.99401012,-29.0486525,2.414448994
EcM,EcM,14_5,Center,QURU,14_5 C QURU,50.29474164,2.281694441,22.04271559,-27.81539535,3.851098816
EcM,EcM,14_5,Center,QURU,14_5 C QURU,49.25261544,2.168811877,22.70949176,-30.53704547,3.296788397
EcM,EcM,14_5,Center,QURU,14_5 C QURU,49.01200654,2.178442381,22.49864718,-30.76803123,2.8983614
EcM,EcM,14_5,Center,QURU,14_5 C QURU,48.97641072,2.075978951,23.59195921,-29.67273746,1.960742271
EcM,EcM,14_5,Center,QURU,14_5 C QURU,50.02160864,2.201301057,22.7236563,-27.64106716,4.037461081
EcM,EcM,14_7,Center,QURU,14_7 C ACRU,48.35211366,2.772523951,17.43974606,-31.78720848,2.449726463
EcM,EcM,14_5,Edge,QURU,14_5 E QURU,50.38982155,2.226486119,22.63199447,-27.39688576,2.435783304
EcM,EcM,14_5,Edge,QURU,14_5 E QURU,49.65386841,2.359307655,21.04594893,-30.0427689,4.613322713
EcM,EcM,14_5,Edge,QURU,14_5 E QURU,49.50606443,2.438465704,20.30213685,-31.36713441,4.726744742
EcM,EcM,14_5,Edge,QURU,14_5 E QURU,49.30664561,2.310634621,21.33900581,-30.79616377,5.565989677
EcM,AM,14_5,Edge,NYSY,14_5 E NYSY,47.93782625,1.835389801,26.11860773,-28.66526072,4.839539548
EcM,AM,14_5,Edge,NYSY,14_5 E NYSY,51.25942904,2.686522236,19.08021767,-26.89154593,4.354644933
EcM,AM,14_5,Edge,NYSY,14_5 E NYSY,48.74999718,2.13602315,22.82278503,-30.11674123,5.318488817
EcM,AM,14_5,Edge,NYSY,14_5 E NYSY,48.72218478,2.108470894,23.10782896,-30.14733926,5.28128456
EcM,EcM,3_5,Center,QURU,3_5 C QURU,47.71244841,1.829950608,26.0730799,-29.72858869,4.073430721
EcM,EcM,3_5,Center,QURU,3_5 C QURU,48.806072,1.63998994,29.75998255,-27.75377533,2.9013323
EcM,EcM,3_5,Center,QURU,3_5 C QURU,48.8067114,1.789876458,27.26820121,-29.74219203,2.503388402
EcM,EcM,3_5,Center,QURU,3_5 C QURU,51.07247023,1.691686644,30.19026628,-27.42429513,2.010556857
EcM,AM,14_6,Center,ACSA,14_6 C ACSA,48.84029197,2.098846119,23.27006803,-29.41409535,3.637215765
EcM,AM,14_6,Edge,PRSE,14_6 E PRSE,31.36595673,2.44334165,12.83731922,-30.85565617,2.187872286
AM,EcM,2_9,Center,QURU,2_9 C QURU,49.37298343,2.447804532,20.17031294,-27.71459807,4.10507278
AM,EcM,2_9,Center,QURU,2_9 C QURU,48.36514228,2.150727478,22.487806,-30.02129186,2.889447393
AM,AM,2_5,Center,ACRU,2_5 C ACRU,49.5683211,2.354133949,21.05586265,-30.46393678,2.169846031
AM,AM,2_5,Center,ACRU,2_5 C ACRU,50.19968389,2.091421338,24.00266411,-30.02101542,6.195603991
EcM,EcM,14_6,Edge,TIAM,14_6 E TIAM,47.18537705,2.602429664,18.13127851,-30.48355388,2.827391565
EcM,EcM,14_6,Edge,TIAM,14_6 E TIAM,47.07116337,2.585643002,18.2048192,-30.52614763,2.765023331
EcM,EcM,14_6,Edge,TIAM,14_6 E TIAM,48.60540492,2.781346142,17.47549655,-30.33881463,1.550845125
EcM,AM,14_7,Edge,NYSY,14_7 E NYSY,47.28061878,1.71372504,27.58938434,-31.42787588,4.654077403
EcM,AM,14_7,Edge,NYSY,14_7 E NYSY,47.33017798,1.585941043,29.84359235,-31.30861219,4.699553261
EcM,EcM,14_7,Center,BELE,14_7 C BELE,48.90847071,3.612989607,13.53684235,-31.33152384,4.703626421
EcM,EcM,14_7,Center,BELE,14_7 C BELE,49.56755495,3.614885605,13.71206737,-31.40610845,4.880811928
EcM,AM,14_6,Center,NYSY,14_6 C NYSY,47.49844305,2.495970383,19.03005074,-29.13785345,4.142894201
EcM,AM,14_6,Center,NYSY,14_6 C NYSY,47.19167589,2.364170409,19.96119895,-29.28342245,4.34732228
EcM,EcM,14_7,Center,TIAM,14_7 C TIAM,48.1635489,3.39604414,14.18225056,-31.79273705,3.772887095
EcM,EcM,14_7,Center,TIAM,14_7 C TIAM,48.09589064,3.294795093,14.5975362,-31.7431875,4.050226674
EcM,EcM,14_7,Edge,BELE,14_7 E BELE,48.71516555,3.052214445,15.96059727,-32.16950765,5.114690054
EcM,EcM,14_7,Edge,BELE,14_7 E BELE,48.33585014,3.124928733,15.4678248,-32.23452441,3.977923435
EcM,AM,14_7,Edge,ACSA,14_7 E ACSA,49.75725854,1.642742123,30.28914754,-29.18487994,1.481891781
EcM,AM,14_7,Edge,ACSA,14_7 E ACSA,48.81843111,1.793271773,27.22310798,-27.61900087,2.759064082
EcM,AM,14_7,Center,ACSA,14_7 C ACSA,46.99471153,2.08741685,22.51333342,-30.23325592,1.095924567
EcM,AM,14_7,Center,ACSA,14_7 C ACSA,47.76040079,1.885569355,25.32943202,-29.82982228,2.602398415
EcM,EcM,14_7,Center,CACO,14_7 C CACO,47.41621534,2.961144759,16.01279883,-29.43722836,2.129522833
EcM,EcM,14_7,Center,CACO,14_7 C CACO,48.30338174,2.766584214,17.45957397,-28.20393626,1.857867212
EcM,EcM,14_7,Edge,TIAM,14_7 E TIAM,45.79594439,2.931722484,15.620832,-30.21346625,2.113154148
EcM,EcM,14_7,Edge,TIAM,14_7 E TIAM,45.35390264,2.949004767,15.37939279,-31.91802665,4.619191728
EcM,EcM,14_6,Center,CACO,14_6 C CACO,47.39975517,1.994657476,23.76335573,-26.41430778,1.090742701
EcM,EcM,14_6,Center,CACO,14_6 C CACO,47.852514,2.241352044,21.34984288,-28.30617939,-0.359510441
EcM,EcM,14_6,Edge,CACO,14_6 E CACO,48.17612524,2.166416239,22.237705,-28.58540326,-0.701400868
EcM,EcM,14_6,Edge,CACO,14_6 E CACO,47.92842031,2.327801983,20.58956073,-28.38842226,-0.999635573
EcM,AM,14_6,Edge,PRSE,14_6 E PRSE,49.72598365,4.273184324,11.6367514,-30.64971401,1.04493822
EcM,AM,14_6,Edge,PRSE,14_6 E PRSE,49.40380577,3.236543251,15.26437373,-28.86939488,1.245707738
EcM,AM,14_6,Edge,ACRU,14_6 E ACRU,48.88999794,2.129099247,22.96276137,-32.28211253,2.146772928
EcM,AM,14_6,Edge,ACRU,14_6 E ACRU,48.57306088,2.070637428,23.45802322,-32.44305624,4.075556382
EcM,AM,14_6,Center,ACRU,14_6 C ACRU,49.62580063,2.225821582,22.295498,-32.51592342,2.09476677
EcM,AM,14_6,Center,ACRU,14_6 C ACRU,49.36374547,2.132310138,23.15035913,-31.74008366,4.062304442
EcM,EcM,14_6,Center,TIAM,14_6 C TIAM,46.17908015,3.422820508,13.49152841,-30.37565734,2.948799735
EcM,EcM,14_6,Center,TIAM,14_6 C TIAM,46.73703227,2.963589414,15.7704141,-29.60749609,3.403566499
EcM,EcM,14_6,Edge,QURU,14_6 E QURU,47.68107212,2.89751578,16.45584554,-30.07038533,5.615672127
EcM,EcM,14_6,Edge,QURU,14_6 E QURU,47.6270028,2.740566336,17.37852581,-29.63006584,5.831438891
EcM,EcM,14_6,Center,QURU,14_6 C QURU,47.52234967,2.44291643,19.45312131,-30.42762157,6.276044889
EcM,EcM,14_6,Center,QURU,14_6 C QURU,47.49337131,2.324039354,20.43570012,-29.71403271,5.90747196
EcM,AM,14_6,Edge,NYSY,14_6 E NYSY,46.87433183,2.554632166,18.34875973,-28.50719725,5.087720651
EcM,AM,14_6,Edge,NYSY,14_6 E NYSY,46.84195209,2.541245934,18.43267173,-28.74838185,5.16363846
EcM,AM,14_6,Center,PRSE,14_6 C PRSE,50.33371309,3.112209138,16.17298544,-29.94700392,5.113744539
EcM,AM,14_6,Center,PRSE,14_6 C PRSE,50.3904416,3.211395051,15.69113759,-29.94208884,4.903104963
EcM,EcM,14_7,Center,QURU,14_7 C QURU,46.97488249,2.637837767,17.80810142,-30.19706409,6.138558999
EcM,EcM,14_7,Center,QURU,14_7 C QURU,46.87745206,2.536124663,18.48389109,-30.29437431,6.155416829
EcM,EcM,14_7,Edge,QURU,14_7 E QURU,47.97567311,2.555638856,18.77247757,-29.89891766,6.227754026
EcM,EcM,14_7,Edge,QURU,14_7 E QURU,48.0828124,2.462851196,19.52323083,-29.31642427,5.508919264
EcM,EcM,14_7,Edge,QURU,14_7 E QURU,48.09985894,2.673785715,17.98942176,-27.85776465,6.099700793
EcM,EcM,14_7,Edge,CACO,14_7 E CACO,47.94785043,2.008788208,23.86904215,-28.8697766,2.096574579
EcM,EcM,14_7,Edge,CACO,14_7 E CACO,46.0861171,2.19253325,21.019575,-27.59314716,1.633613078
EcM,AM,14_7,Edge,PRSE,14_7 E PRSE,49.24224337,3.307081485,14.88993954,-31.02387568,4.185523908
EcM,AM,14_7,Edge,PRSE,14_7 E PRSE,48.82545588,2.976874894,16.40158139,-30.70261116,3.488246283
EcM,EcM,14_7,Edge,BELE,14_7 E BELE,48.82764594,3.248696745,15.02991808,-32.29272955,5.391340084
EcM,AM,14_7,Edge,ACRU,14_7 E ACRU,49.73833231,2.086032439,23.84350856,-31.82568275,-0.722290315
EcM,AM,14_7,Center,PRSE,14_7 C PRSE,48.0965338,3.950018839,12.1762796,-30.67495476,0.848874913
EcM,AM,14_7,Center,PRSE,14_7 C PRSE,49.43657317,3.851347628,12.83617527,-30.66917794,3.345971012
AM,AM,10_5,Edge,ACSA,10_5 E ACSA,51.04433444,1.939404485,26.31959183,-29.58065654,-0.697891858
AM,AM,10_5,Edge,ACSA,10_5 E ACSA,50.73587365,1.644770879,30.84677282,-29.3536959,-0.713772391
AM,AM,10_5,Edge,ACSA,10_5 E ACSA,50.79346168,2.001316573,25.38002351,-29.4099477,-0.906348688
AM,AM,10_5,Edge,ACSA,10_5 E ACSA,50.91422281,2.06552593,24.64952004,-29.40882248,-0.827994856
AM,AM,10_5,Center,ACSA,10_5 C ACSA,50.68323272,2.010953877,25.20357791,-29.22254976,1.623414608
AM,AM,10_5,Center,ACSA,10_5 C ACSA,49.62946591,2.18917065,22.67044185,-28.39056175,3.89282249
AM,AM,10_5,Center,ACSA,10_5 C ACSA,50.19138973,2.105763583,23.83524444,-28.67552586,3.213149076
AM,AM,10_5,Center,ACSA,10_5 C ACSA,48.75002876,2.164722575,22.52022006,-28.28267284,1.129461734
AM,AM,10_5,Center,ACSA,10_5 C ACSA,48.25904627,2.074985106,23.25753864,-28.50896289,1.147326853
AM,AM,10_5,Center,ACSA,10_5 C ACSA,48.83347362,2.176018861,22.44165917,-29.24460404,2.740291677
AM,AM,10_5,Edge,NYSY,10_5 E NYSY,49.21316073,2.37983406,20.67924044,-29.85045799,2.129552563
AM,AM,10_5,Edge,NYSY,10_5 E NYSY,49.11484862,2.549054266,19.26787094,-30.06052844,2.066689356
AM,AM,10_5,Edge,NYSY,10_5 E NYSY,49.04879864,2.240457663,21.8923122,-29.59293676,2.236432066
AM,EcM,10_5,Edge,QURU,10_5 E QURU,48.65334622,2.818820655,17.26017799,-28.86568832,2.388157382
AM,EcM,10_5,Edge,QURU,10_5 E QURU,50.0828395,2.518311366,19.88746911,-29.2703253,5.073150878
AM,EcM,10_5,Edge,QURU,10_5 E QURU,49.13179029,2.572596003,19.09813676,-29.23722826,2.614799946
AM,AM,10_5,Center,ACSA,14_6 C ACSA,49.19042538,2.235489494,22.00431964,-28.95801268,2.632552125
AM,EcM,10_5,Edge,QURU,10_5 E QURU,49.21328682,2.590777352,18.99556779,-29.4472344,4.831540192
AM,EcM,10_5,Edge,QURU,10_5 E QURU,50.28555549,2.2617723,22.23281074,-27.83899213,4.970685897
AM,EcM,10_5,Edge,QURU,10_5 E QURU,50.14728206,2.321532834,21.60093595,-27.97216308,4.952111998
AM,EcM,10_5,Edge,QURU,10_5 E QURU,49.20182856,2.547915256,19.31062206,-29.48377125,4.733881294
AM,EcM,10_5,Edge,TIAM,10_5 E TIAM,47.64185482,2.898230784,16.43825436,-29.95894181,1.826631206
AM,EcM,10_5,Edge,TIAM,10_5 E TIAM,47.05555334,2.842699048,16.55312523,-29.4053925,2.516489558
AM,EcM,10_5,Edge,TIAM,10_5 E TIAM,47.25079171,3.347446144,14.11547481,-30.43014968,2.166186646
AM,EcM,10_5,Center,TIAM,10_5 C TIAM,48.46102377,3.043233242,15.92418981,-29.34247276,2.952444595
AM,EcM,10_5,Center,TIAM,10_5 C TIAM,48.14461467,2.960009155,16.26502222,-29.36755089,3.040626861
AM,EcM,10_5,Center,TIAM,10_5 C TIAM,47.83797518,2.951376706,16.2086985,-30.68639691,1.681563553
AM,AM,10_5,Edge,ACRU,10_5 E ACRU,50.93442947,2.144292595,23.75348849,-32.06970949,1.49059446
AM,AM,10_5,Edge,ACRU,10_5 E ACRU,50.21412703,2.138766077,23.47808279,-32.08855916,0.597328899
AM,AM,10_5,Edge,ACRU,10_5 E ACRU,50.49421091,2.424802565,20.82405044,-31.36335083,0.991532033
AM,EcM,10_5,Center,BELE,10_5 C BELE,49.89836842,3.067538943,16.26658026,-30.26633462,2.551817072
AM,EcM,10_5,Center,BELE,10_5 C BELE,49.43673026,3.215481364,15.37459704,-29.81722957,1.813207561
AM,EcM,10_5,Center,CACO,10_5 C CACO,48.45159131,2.641492972,18.34250245,-28.88766065,1.215500393
AM,EcM,10_5,Center,CACO,10_5 C CACO,48.24873157,2.600235062,18.55552687,-28.96386,1.224388519
AM,EcM,10_5,Edge,CACO,10_5 E CACO,48.29997657,2.689874698,17.95621804,-28.33989405,1.853561184
AM,EcM,10_5,Edge,CACO,10_5 E CACO,48.65020465,2.907719852,16.73139337,-28.88174577,0.992736438
AM,AM,10_5,Center,ACRU,10_5 C ACRU,49.7515605,2.669142965,18.6395263,-32.07090125,2.699792924
AM,AM,10_5,Center,ACRU,10_5 C ACRU,50.18409546,2.282478596,21.9866664,-31.98691308,-0.004944426
AM,AM,10_5,Center,ACRU,10_5 C ACRU,50.56011761,2.678565045,18.87582223,-30.47103851,2.080531624
AM,AM,10_5,Center,ACRU,10_5 C ACRU,49.85399904,2.947118416,16.91618456,-30.67648144,4.400180691
AM,AM,10_5,Edge,PRSE,10_5 E PRSE,50.20314363,4.355305772,11.526893,-30.3587986,1.36069239
AM,AM,10_5,Edge,PRSE,10_5 E PRSE,49.84106694,4.334151378,11.49961379,-30.01143496,1.382652827
AM,AM,10_5,Edge,PRSE,10_5 E PRSE,49.50480968,4.260956121,11.61823973,-30.41530245,1.708495938
AM,EcM,8_1,Center,QURU,8_1 C QURU,46.90659448,2.751819845,17.04566328,-27.72350979,2.736828015
AM,EcM,8_1,Center,QURU,8_1 C QURU,47.9568172,2.835109759,16.91533001,-28.21388043,4.622486042
AM,EcM,8_1,Center,QURU,8_1 C QURU,46.44098702,2.432453268,19.09224224,-28.41755957,3.380523544
AM,EcM,8_1,Center,QURU,8_1 C QURU,45.67569176,2.343006702,19.49447764,-28.43534347,2.948815968
AM,EcM,8_1,Center,QURU,8_1 C QURU,47.52913953,2.93694916,16.18316727,-28.25197463,5.726562057
AM,EcM,8_1,Center,QURU,8_1 C QURU,45.92100711,2.391445323,19.20219821,-28.47654596,3.492350736
AM,EcM,8_1,Center,QURU,8_1 C CACO,47.61246726,2.730041672,17.44019798,-26.06157398,0.661542854
AM,EcM,8_1,Center,QURU,8_1 C CACO,47.7153743,2.707293527,17.624751,-26.16512316,0.640223399
EcM,AM,14_6,Edge,ACSA,14_6 E ACSA,46.91147,1.610983257,29.11977502,-30.25064114,-0.051500059
EcM,AM,14_6,Edge,ACSA,14_6 E ACSA,49.88839284,1.633685813,30.53732391,-27.91352627,-0.336746107
EcM,AM,14_6,Edge,ACSA,14_6 E ACSA,48.93087794,2.262708775,21.62491191,-27.43123925,-0.143435055
EcM,AM,14_6,Edge,ACSA,14_6 E ACSA,50.08606891,2.116297075,23.66684219,-25.91971863,-0.459388456
EcM,AM,14_6,Edge,ACSA,14_6 E ACSA,47.81402221,1.09519261,43.65809427,-30.51273644,-0.267031512
EcM,EcM,14_6,Edge,BELE,14_6 E BELE,49.80380761,1.992824272,24.99157016,-28.59051654,1.734187036
EcM,EcM,14_6,Edge,BELE,14_6 E BELE,47.66812031,2.179564083,21.8704835,-31.27578571,3.276054995
EcM,EcM,14_6,Edge,BELE,14_6 E BELE,47.6003947,2.893807583,16.44905314,-32.47187592,3.254577962
EcM,EcM,14_6,Edge,BELE,14_6 E BELE,48.16947741,1.802520762,26.72339672,-31.60848996,0.773718993
EcM,AM,14_6,Center,ACSA,14_6 C ACSA,50.09028412,2.125170424,23.57000811,-28.56660218,4.552949409
EcM,AM,14_6,Center,ACSA,14_6 C ACSA,48.54626125,2.212421464,21.94259188,-29.04094271,2.958217584
EcM,AM,14_6,Center,ACSA,14_6 C ACSA,49.79758669,2.055427295,24.2273647,-28.58298176,4.64116776
EcM,AM,14_6,Center,ACSA,14_6 C ACSA,48.16785709,2.092453748,23.01979537,-29.78335742,2.684777392
AM,EcM,2_9,Center,CACO,2_9 C CACO,48.31432131,2.095962808,23.05113484,-26.70888492,0.442
AM,EcM,2_9,Center,CACO,2_9 C CACO,48.49147335,2.268316732,21.37773472,-27.52485545,-0.656
AM,EcM,2_9,Center,CACO,2_9 C CACO,48.34940857,2.217935709,21.79928317,-27.35212706,-1.038
AM,EcM,2_9,Edge,CACO,2_9 E CACO,47.67970417,2.165773581,22.01509178,-28.5454987,1.722
AM,EcM,2_9,Edge,CACO,2_9 E CACO,47.03158632,2.192554108,21.45059323,-26.63152428,0.365
AM,EcM,2_9,Edge,CACO,2_9 E CACO,47.85192918,2.407291097,19.87791557,-24.79030942,-0.233
AM,AM,2_9,Center,ACRU,2_9 C ARCU,49.79847133,2.623827612,18.97932284,-32.41678814,3.106
AM,AM,2_9,Center,ACRU,2_9 C ARCU,49.45870934,2.59465439,19.06177159,-32.14323855,2.876
AM,AM,2_9,Center,ACRU,2_9 C ARCU,49.28876121,2.82052847,17.47500929,-32.23409029,2.957
AM,AM,2_9,Edge,ACRU,2_9 E ACRU,49.25469907,2.462787162,19.99957602,-32.38478712,1.849
AM,AM,2_9,Edge,ACRU,2_9 E ACRU,50.25808696,2.342061354,21.45891135,-33.69535415,1.911
AM,AM,2_9,Edge,ACRU,2_9 E ACRU,49.10917301,2.297814577,21.3721218,-32.1001652,1.996
AM,AM,2_9,Center,PRSE,2_9 C PRSE,48.95464925,4.03764372,12.12455894,-31.34460704,2.158
AM,AM,2_9,Center,PRSE,2_9 C PRSE,48.2599015,3.259596569,14.80548297,-31.69734647,2.130227303
AM,AM,2_9,Center,PRSE,2_9 C PRSE,47.92182608,3.017187383,15.8829466,-31.51101899,3.679683185
AM,AM,2_9,Center,PRSE,2_9 C PRSE,49.88707664,3.691343435,13.51461264,-31.23910881,4.170983905
AM,AM,2_9,Edge,PRSE,2_9 E PRSE,47.18475653,3.223875562,14.6360353,-32.51139652,2.658559544
AM,AM,2_9,Edge,PRSE,2_9 E PRSE,47.69134967,2.582842325,18.46467715,-31.42406692,3.090049573
AM,AM,2_9,Center,ACSA,2_9 C ACSA,48.77305296,2.538207936,19.21554664,-31.77492652,2.64248243
AM,AM,2_9,Center,ACSA,2_9 C ACSA,47.50703616,1.664060689,28.54886031,-29.9830209,1.519689257
AM,AM,2_9,Center,ACSA,2_9 C ACSA,47.34426823,1.837323987,25.76805646,-29.94267217,1.342892511
AM,AM,2_9,Center,ACSA,2_9 C ACSA,49.32029712,2.187398194,22.5474709,-31.25971798,1.56081328
AM,AM,2_9,Edge,ACSA,2_9 E ACSA,48.62876819,1.035212718,46.97466266,-29.84352337,0.934462264
AM,AM,2_9,Edge,ACSA,2_9 E ACSA,48.5018156,1.54397705,31.41355993,-30.32021697,-0.856465143
AM,AM,2_9,Edge,ACSA,2_9 E ACSA,47.11345745,2.184043703,21.57166424,-28.83075798,-1.296215807
AM,AM,2_9,Edge,ACSA,2_9 E ACSA,48.19077757,1.635087389,29.47290639,-30.37064174,-0.992393932
AM,AM,2_9,Center,NYSY,2_9 C NYSY,47.31828811,2.480915154,19.07291671,-29.93497836,3.59164438
AM,AM,2_9,Center,NYSY,2_9 C NYSY,47.21006553,2.42054544,19.50389559,-29.03360682,4.021893354
AM,AM,2_9,Edge,NYSY,2_9 E NYSY,47.2503519,2.462961709,19.18436317,-29.56409974,4.21718698
AM,AM,2_9,Edge,NYSY,2_9 E NYSY,47.21545657,2.176039596,21.69788485,-29.78763636,4.320551061
AM,EcM,8_1,Edge,CACO,8_1 E CACO,47.91183057,2.726223021,17.57443548,-27.9028488,-0.214139922
AM,EcM,8_1,Edge,CACO,8_1 E CACO,46.90966454,2.32435255,20.1818199,-28.89327271,1.74136518
AM,EcM,8_1,Edge,CACO,8_1 E CACO,48.10786208,2.647385973,18.17183538,-28.72763703,0.653559846
AM,EcM,8_1,Center,BELE,8_1 C BELE,47.4999514,1.74225795,27.26344363,-30.8456992,3.224665074
AM,EcM,8_1,Center,BELE,8_1 C BELE,47.23984718,2.05516324,22.98593429,-30.4784036,3.148424732
AM,EcM,8_1,Edge,BELE,8_1 E BELE,46.0003464,2.594703661,17.72855494,-31.83046613,1.765196221
AM,EcM,8_1,Edge,BELE,8_1 E BELE,45.31267851,2.739453983,16.54077009,-30.70177762,0.991796725
AM,AM,8_1,Edge,NYSY,8_1 E NYSY,47.30860438,2.236365992,21.15423171,-30.77937614,3.32550736
AM,AM,8_1,Edge,NYSY,8_1 E NYSY,47.29446294,2.319228087,20.39232933,-31.23501852,3.34261767
AM,AM,8_1,Edge,NYSY,8_1 E NYSY,47.59602275,2.029153438,23.45609843,-29.77821968,3.759513124
AM,AM,8_1,Edge,NYSY,8_1 E NYSY,47.14283089,2.090290694,22.55324153,-30.19061281,3.843506038
AM,EcM,2_5,Center,QURU,2_5 C QURU,47.98349383,2.648179157,18.11942885,-29.67034686,6.910886595
AM,EcM,2_5,Center,QURU,2_5 C QURU,47.66425993,2.586120836,18.43079383,-29.54149496,6.963824934
AM,EcM,2_5,Center,QURU,2_5 C QURU,48.44253996,2.427588973,19.95500083,-29.31857263,6.32924402
AM,EcM,2_5,Center,QURU,2_5 C QURU,48.19424963,2.266616373,21.26264074,-28.97412246,5.884263425
AM,EcM,2_5,Center,QURU,2_5 C QURU,49.37874008,2.499994925,19.75153612,-28.95156118,6.012941241
AM,EcM,2_5,Edge,QURU,2_5 E QURU,47.99734565,2.062368327,23.2729261,-29.93154283,5.737974522
AM,EcM,2_5,Edge,QURU,2_5 E QURU,48.54254537,2.588529758,18.75294082,-28.70977264,4.39804694
AM,EcM,2_5,Edge,QURU,2_5 E QURU,47.99838066,2.220421135,21.61679147,-29.06580508,4.655642058
AM,EcM,2_5,Edge,QURU,2_5 E QURU,48.06258333,1.95633305,24.5676897,-29.97803409,6.881549726
AM,EcM,2_5,Edge,QURU,2_5 E QURU,48.15863138,2.45550438,19.61252107,-28.8362196,3.775547549
AM,EcM,2_5,Center,TIAM,2_5 C TIAM,47.61314605,2.523545074,18.86756315,-29.08161839,3.005673591
AM,EcM,2_5,Center,TIAM,2_5 C TIAM,47.92910159,3.537766272,13.54784288,-29.19160802,6.442708819
AM,EcM,2_5,Center,TIAM,2_5 C TIAM,46.82524036,2.589971599,18.07944164,-28.35579677,5.119473154
AM,EcM,2_5,Edge,TIAM,2_5 E TIAM,47.7793961,2.853413654,16.7446441,-27.06801173,3.189328666
AM,EcM,2_5,Edge,TIAM,2_5 E TIAM,48.5038578,2.976387503,16.2962174,-27.2347007,2.401808765
AM,EcM,2_5,Edge,TIAM,2_5 E TIAM,48.04215628,2.934225596,16.37302747,-28.03249553,2.033568293
AM,EcM,2_5,Edge,TIAM,2_5 E TIAM,47.69025201,2.960285682,16.11001678,-28.2362197,2.619817164
AM,EcM,2_5,Center,CACO,2_5 C CACO,48.50189157,2.621401594,18.50227438,-29.87280842,3.158875349
AM,EcM,2_5,Center,CACO,2_5 C CACO,48.25826208,2.921557225,16.5179931,-28.96994924,4.416473754
AM,EcM,2_5,Edge,CACO,2_5 E CACO,48.21013028,2.561601188,18.82031071,-28.79952435,2.228021631
AM,EcM,2_5,Edge,CACO,2_5 E CACO,48.795143,2.937127541,16.61321898,-28.59269764,1.866103664
AM,AM,2_5,Center,ACRU,2_5 C ACRU,49.04666115,2.391534137,20.5084512,-31.64062293,3.025229032
AM,AM,2_5,Center,ACRU,2_5 C ACRU,49.41504217,2.284551308,21.6300864,-31.57150782,3.179220648
AM,AM,2_5,Edge,ACRU,2_5 E ACRU,49.66112934,2.014393863,24.65313773,-32.27527155,2.451950141
AM,AM,2_5,Edge,ACRU,2_5 E ACRU,49.96143486,1.979569021,25.23854149,-29.92790778,1.831457712
AM,AM,2_5,Edge,ACRU,2_5 E ACRU,49.88793965,1.836254775,27.16831038,-31.82543929,2.041613843
AM,AM,2_5,Edge,ACRU,2_5 E ACRU,50.00919831,2.238342465,22.34206744,-30.98983874,0.719449749
AM,AM,2_5,Center,PRSE,2_5 C PRSE,50.23547561,4.470319531,11.23755814,-29.5932596,6.243560953
AM,AM,2_5,Center,PRSE,2_5 C PRSE,50.04981806,4.256214775,11.75923225,-30.06239383,4.696354321
AM,AM,2_5,Center,PRSE,2_5 C PRSE,49.81231759,4.218369337,11.80842966,-30.02016448,4.454949641
AM,AM,2_5,Edge,PRSE,2_5 E PRSE,51.00918483,3.284398066,15.53075596,-29.13490179,4.013481905
AM,AM,2_5,Edge,PRSE,2_5 E PRSE,50.16620064,3.595486822,13.95254749,-30.6306789,5.418152094
AM,AM,2_5,Edge,PRSE,2_5 E PRSE,49.95184605,3.095782718,16.13544961,-30.38800889,3.734309148
AM,AM,2_5,Center,ACSA,2_5 C ACSA,49.17238347,2.730745055,18.00694773,-28.47489514,4.480648247
AM,AM,2_5,Center,ACSA,2_5 C ACSA,49.56858572,1.513283114,32.75565905,-28.41875288,0.543844953
AM,AM,2_5,Center,ACSA,2_5 C ACSA,47.53546809,3.079620299,15.43549642,-29.62554122,3.278706592
AM,AM,2_5,Edge,ACSA,2_5 E ACSA,49.09475043,2.135883451,22.98568792,-28.94789338,1.807196531
AM,AM,2_5,Edge,ACSA,2_5 E ACSA,49.8494452,1.732127,28.77932461,-29.62934026,0.959607249
AM,AM,2_5,Edge,ACSA,2_5 E ACSA,49.66085722,2.15501138,23.04435962,-29.4950525,1.361927879
AM,AM,2_5,Edge,ACSA,2_5 E ACSA,50.03597232,1.790517641,27.9449759,-29.30054169,1.786985193
AM,AM,2_5,Center,NYSY,2_5 C NYSY,48.72597265,1.883393482,25.8713716,-29.74409896,4.525214946
AM,AM,2_5,Center,NYSY,2_5 C NYSY,48.24349447,2.232426758,21.61033696,-29.36774308,5.1592751
AM,AM,2_5,Edge,NYSY,2_5 E NYSY,48.75707477,2.529490982,19.27544914,-29.00704779,5.735931168
AM,AM,2_5,Edge,NYSY,2_5 E NYSY,48.30660561,2.115750338,22.83190259,-29.33920022,4.878783326
AM,AM,2_5,Edge,NYSY,2_5 E NYSY,48.0065902,2.28553429,21.00453728,-31.51926024,4.716897715
AM,AM,2_5,Edge,NYSY,2_5 E NYSY,48.73539141,2.549322189,19.11699966,-28.64481513,3.577043484
AM,EcM,2_5,Edge,BELE,2_5 E BELE,48.68139689,3.249014517,14.98343471,-31.12866886,5.640924677
AM,EcM,2_5,Edge,BELE,2_5 E BELE,48.33257549,3.005424145,16.08178186,-31.50903232,4.768000125
AM,AM,8_1,Center,NYSY,8_1 C NYSY,48.6549284,2.663730177,18.26571206,-29.24771551,3.621765712
AM,AM,8_1,Edge,ACSA,8_1 E ACSA,48.25378732,1.525915926,31.62283484,-29.98445263,-0.858453747
AM,AM,8_1,Edge,ACSA,8_1 E ACSA,48.21783244,1.537149338,31.36834609,-28.74073218,-0.920918308
AM,AM,8_1,Edge,ACSA,8_1 E ACSA,48.09929982,1.83937309,26.14983337,-28.55790089,-0.224427745
AM,AM,8_1,Edge,ACSA,8_1 E ACSA,47.70542569,2.052451338,23.2431458,-29.14492746,-1.521796036
AM,AM,8_1,Edge,ACSA,8_1 E ACSA,47.24049454,2.099752829,22.49812163,-30.09766936,-1.094129773
AM,AM,8_1,Center,ACSA,8_1 C ACSA,47.47243531,1.723777995,27.53976175,-29.48445083,0.65411264
AM,AM,8_1,Center,ACSA,8_1 C ACSA,48.2760876,2.039562221,23.66982832,-29.92693431,0.268271946
AM,AM,8_1,Center,ACSA,8_1 C ACSA,47.9511213,2.073483667,23.12587365,-30.05073814,2.950974605
AM,AM,8_1,Center,ACSA,8_1 C ACSA,47.65962384,1.857209139,25.66195849,-30.4955691,0.902244846
AM,AM,8_1,Edge,PRSE,8_1 E PRSE,48.86600298,3.159603857,15.46586382,-29.33019056,2.555098252
AM,AM,8_1,Edge,PRSE,8_1 E PRSE,49.12690689,3.282469987,14.96644511,-29.71359133,1.603619402
AM,AM,8_1,Edge,PRSE,8_1 E PRSE,48.32798582,3.291975349,14.68054305,-30.4166252,1.731650644
AM,AM,8_1,Edge,PRSE,8_1 E PRSE,48.44584046,3.161070902,15.32576837,-30.45925497,1.291995597
AM,AM,8_1,Center,PRSE,8_1 C PRSE,49.34344421,3.780403655,13.05242739,-30.19606311,2.507238882
AM,AM,8_1,Center,PRSE,8_1 C PRSE,49.17953155,3.963294084,12.40875153,-29.74778016,3.77859783
AM,AM,8_1,Center,PRSE,8_1 C PRSE,49.27476289,3.700269514,13.31653349,-29.9791714,3.078077279
AM,AM,8_1,Edge,ACRU,8_1 E ACRU,49.47320192,1.828965098,27.0498338,-31.1907345,-0.849842966
AM,AM,8_1,Edge,ACRU,8_1 E ACRU,49.45286428,1.985638423,24.90527163,-31.99017474,1.802378138
AM,AM,8_1,Edge,ACRU,8_1 E ACRU,47.9868848,1.964123396,24.43170571,-30.26630681,-1.052512651
AM,AM,8_1,Center,ACRU,8_1 C ACRU,48.64973541,1.909280581,25.48066319,-31.02644671,3.422434185
AM,AM,8_1,Center,ACRU,8_1 C ACRU,45.39512278,2.710558072,16.74751899,-29.58371479,1.031594952
AM,AM,8_1,Center,ACRU,8_1 C ACRU,50.07575911,2.342338611,21.37853122,-30.44479802,1.893069055
AM,AM,8_1,Center,ACRU,8_1 C ACRU,72.52893556,2.892702262,25.0730732,-31.98841424,1.621888998
AM,AM,8_1,Center,ACRU,8_1 C ACRU,65.26124837,2.787771706,23.40982521,-29.97584763,4.823201442
AM,EcM,8_1,Edge,TIAM,8_1 E TIAM,22.05069707,1.193551525,18.47485978,-29.20435784,1.523547562
AM,EcM,8_1,Edge,TIAM,8_1 E TIAM,48.45507772,2.325332179,20.83791647,-30.1139721,2.679107191
AM,EcM,8_1,Edge,TIAM,8_1 E TIAM,44.74902263,3.151885211,14.19754199,-29.21926576,0.565540385
AM,EcM,8_1,Center,TIAM,8_1 C TIAM,44.88563642,1.989514723,22.56109789,-29.0273675,0.806685321
AM,EcM,8_1,Center,TIAM,8_1 C TIAM,45.24814239,2.098428515,21.56287053,-28.72437218,3.568077904
AM,EcM,8_1,Edge,QURU,8_1 E QURU,46.25464875,2.115143915,21.86832226,-28.07318103,2.401195262
AM,EcM,8_1,Edge,QURU,8_1 E QURU,47.1630628,3.065449984,15.38536366,-28.19545779,2.30148844
AM,EcM,8_1,Edge,QURU,8_1 E QURU,46.82834907,2.842202702,16.47607648,-28.23898767,2.64626192
AM,EcM,8_1,Edge,QURU,8_1 E QURU,47.13075356,2.517344621,18.72240819,-28.85062515,1.548583889
AM,EcM,8_1,Edge,QURU,8_1 E QURU,45.99555387,2.348441021,19.58556909,-28.12915611,2.024218439
AM,EcM,8_1,Edge,QURU,8_1 E QURU,48.13134305,3.309479117,14.54347991,-27.72284176,0.963706704
AM,EcM,8_1,Edge,QURU,8_1 E QURU,46.37592911,2.389428784,19.40879319,-29.02725912,1.418367996
AM,EcM,10_5,Edge,BELE,10_5 E BELE,48.52670971,2.85576247,16.9925581,-30.7766348,3.060688921
AM,EcM,10_5,Edge,BELE,10_5 E BELE,48.67180099,2.96556423,16.412324,-31.1569507,3.0115397
EcM,EcM,14_7,Center,CACO,14_7 C CACO,49.66023648,2.527487213,19.64806636,-27.55144221,1.475119437
EcM,AM,14_7,Edge,ACSA,14_7 E ACSA,49.79655396,1.608592253,30.95660436,-25.82023376,2.413670054
EcM,AM,14_7,Edge,ACSA,14_7 E ACSA,47.04255407,2.023930715,23.24316427,-29.65773478,5.987529806
EcM,AM,14_7,Edge,ACSA,14_7 E ACSA,47.37093632,1.900726675,24.92253985,-28.9382455,3.678359546
EcM,AM,14_7,Edge,ACSA,14_7 E ACSA,47.74937933,1.836645573,25.99814576,-28.54040944,2.684795283
EcM,AM,14_7,Edge,ACSA,14_7 E ACSA,47.25465928,2.011956086,23.4869238,-29.09190805,5.046835506
EcM,AM,14_7,Edge,PRSE,14_7 E PRSE,47.49810974,3.108736087,15.27891349,-30.97626165,4.72165353
EcM,EcM,14_7,Edge,PRSE,14_7 E PRSE,49.15526355,4.956202466,9.917928876,-30.09336833,6.925538073
EcM,EcM,14_7,Edge,CACO,14_7 E CACO,49.4564839,2.093329491,23.62575223,-28.9368096,1.815884201
EcM,EcM,14_7,Edge,QURU,14_7 E QURU,47.77243806,2.483578305,19.23532588,-29.45223542,6.61580135
EcM,EcM,14_7,Edge,QURU,14_7 E QURU,48.64777471,2.458757814,19.78550894,-27.73580293,5.640158013
EcM,EcM,14_7,Center,QURU,14_7 C QURU,48.53458131,2.569883263,18.88590895,-24.693546,3.9312136
EcM,AM,14_6,Center,PRSE,14_6 C PRSE,48.79274981,4.168489775,11.70513842,-31.10421555,2.67247545
EcM,AM,14_6,Edge,NYSY,14_6 E NYSY,46.18176789,1.932504016,23.89737228,-29.01234065,1.518562332
EcM,AM,14_6,Edge,NYSY,14_6 E NYSY,46.34525311,2.344817085,19.76497587,-29.62332145,3.562230242
EcM,EcM,14_6,Center,QURU,14_6 C QURU,48.25300299,2.166450505,22.27283886,-30.15740212,4.359649315
EcM,EcM,14_6,Edge,QURU,14_6 E QURU,47.71988021,2.91220326,16.38617773,-29.81367393,5.574831333
EcM,EcM,14_6,Edge,QURU,14_6 E QURU,47.47554779,2.870317715,16.54017168,-30.76747688,6.029145366
EcM,EcM,14_6,Edge,QURU,14_6 E QURU,48.49732941,2.432083881,19.94064834,-27.94208959,4.825201476
EcM,EcM,14_6,Center,TIAM,14_6 C TIAM,43.90351518,3.427386858,12.80961764,-29.18717056,2.157950789
EcM,AM,14_6,Center,ACRU,14_6 C ACRU,49.40990803,2.160234123,22.87247827,-32.50659836,2.140555948
EcM,AM,14_6,Center,ACRU,14_6 C ACRU,49.07495162,2.115132109,23.20183756,-31.92149764,4.247341647
EcM,AM,14_6,Center,ACRU,14_6 C ACRU,48.60359622,2.480603748,19.59345431,-32.15619493,3.155610851
EcM,AM,14_6,Edge,ACRU,14_6 E ACRU,48.7766605,1.931505264,25.25318539,-32.76742103,1.137984745
EcM,AM,14_6,Edge,PRSE,14_6 E PRSE,49.5912149,3.767410379,13.16321024,-30.19173961,3.187467135
EcM,AM,14_6,Edge,PRSE,14_6 E PRSE,49.19508646,2.003580998,24.55358008,-27.69146273,3.848430261
EcM,EcM,14_6,Edge,CACO,14_6 E CACO,46.9051356,1.918964562,24.44293997,-28.49053042,-0.863325649
EcM,EcM,14_6,Edge,CACO,14_6 E CACO,46.96834431,2.191381776,21.43320932,-28.08364789,-1.379075061
EcM,EcM,14_6,Center,CACO,14_6 C CACO,48.72287042,2.419171696,20.14031105,-29.26897679,3.446720864
EcM,EcM,14_7,Edge,TIAM,14_7 E TIAM,44.51548274,2.994936108,14.86358344,-31.88664232,4.448793651
EcM,AM,14_5,Center,NYSY,14_5 C NYSY,47.03174132,2.432762051,19.33265167,-30.57018796,5.97520676
AM,EcM,10_5,Edge,CACO,10_5 E CACO,45.95017778,2.487843168,18.46988523,-29.80686481,1.32545273
AM,EcM,3_5,Edge,QURU,3_5 QURU E,50.12949072,2.121322824,23.63124091,-28.92959213,4.703562101
AM,EcM,3_5,Edge,QURU,3_5 QURU E,49.75646767,2.085526582,23.85798776,-29.65915705,4.082985996
AM,EcM,3_5,Edge,QURU,3_5 QURU E,50.44195961,2.216331412,22.75921342,-29.77826501,5.892234908
AM,EcM,3_5,Center,TIAM,3_5 C TIAM,49.60131802,2.404795568,20.62600193,-29.53578134,2.902390849
AM,EcM,3_5,Center,TIAM,3_5 C TIAM,49.03788293,1.920529488,25.53352252,-28.23658626,2.981458154
AM,EcM,3_5,Center,TIAM,3_5 C TIAM,50.20990481,2.097799587,23.93455749,-29.85140664,2.495318484
AM,EcM,3_5,Edge,TIAM,3_5 E TIAM,48.84840223,2.325548483,21.00511023,-30.50404332,1.471147043
AM,EcM,3_5,Edge,TIAM,3_5 E TIAM,49.13335421,3.099997162,15.84948361,-29.57285406,1.118493852
AM,EcM,3_5,Edge,TIAM,3_5 E TIAM,48.39324166,3.129002377,15.46602905,-30.89252246,2.270222668
AM,EcM,3_5,Center,BELE,3_5 C BELE,52.9656647,3.368419076,15.72419094,-31.84817476,1.720823418
AM,EcM,3_5,Edge,BELE,3_5 E BELE,50.59359012,3.357363805,15.06943931,-31.70383027,1.35072963
AM,EcM,3_5,Center,CACO,3_5 C CACO,48.87509584,2.589344245,18.87547241,-27.91967688,0.698868266
AM,EcM,3_5,Center,CACO,3_5 C CACO,49.35132669,2.417574395,20.41357106,-27.58868447,2.476606071
AM,EcM,3_5,Center,CACO,3_5 C CACO,49.69885488,2.199695368,22.59351709,-29.25313127,1.74486375
AM,EcM,3_5,Edge,CACO,3_5 E CACO,49.95699394,1.830506256,27.29135384,-28.01566002,1.445495261
AM,EcM,3_5,Edge,CACO,3_5 E CACO,49.69060961,1.88533183,26.35642639,-28.29066006,1.280847463
AM,EcM,3_5,Edge,CACO,3_5 E CACO,49.93183962,1.794171652,27.83002372,-28.24388283,1.939345908
AM,AM,3_5,Edge,ACRU,3_5 E ACRU,52.70211023,1.755860629,30.01497348,-32.72983241,1.17360908
AM,AM,3_5,Edge,ACRU,3_5 E ACRU,52.2521525,2.08809706,25.02381402,-32.95191677,1.094468474
AM,AM,3_5,Edge,ACRU,3_5 E ACRU,52.13448339,2.131719498,24.4565401,-32.45358518,1.433398624
AM,AM,3_5,Edge,ACRU,3_5 E ACRU,52.30449216,1.743719799,29.99592721,-32.35574189,1.565719795
AM,AM,3_5,Edge,PRSE,3_5 E PRSE,50.67349795,2.933796434,17.27232925,-30.70594418,2.447411731
AM,AM,3_5,Edge,PRSE,3_5 E PRSE,50.87660187,2.783450873,18.27824675,-30.97757917,1.924932045
AM,AM,3_5,Edge,PRSE,3_5 E PRSE,50.80811708,3.434936937,14.79157202,-30.87192747,2.957290651
AM,AM,3_5,Edge,PRSE,3_5 E PRSE,50.63953159,3.719996818,13.61278895,-30.86702904,3.04368716
AM,AM,3_5,Edge,PRSE,3_5 E PRSE,51.57137665,2.504407265,20.59224847,-31.5983414,1.231137357
AM,AM,3_5,Edge,ACSA,3_5 E ACSA,49.6174953,2.141651544,23.16786567,-29.99138001,0.980140974
AM,AM,3_5,Edge,ACSA,3_5 E ACSA,48.17075391,2.119593678,22.7264095,-30.44811868,1.367776646
AM,AM,3_5,Edge,ACSA,3_5 E ACSA,49.78974048,1.903502504,26.15690831,-29.70473511,1.47650423
AM,AM,3_5,Edge,ACSA,3_5 E ACSA,49.71450639,1.772444221,28.04855905,-28.10298471,0.010088479
AM,AM,3_5,Edge,NYSY,3_5 E NYSY,49.74866098,2.18739192,22.74336873,-29.11720977,4.288675018
AM,AM,3_5,Edge,NYSY,3_5 E NYSY,49.61086368,2.150822462,23.06599664,-28.75379886,4.217826846
AM,AM,3_5,Edge,NYSY,3_5 E NYSY,50.24837259,2.804052782,17.91990968,-29.3634775,3.349809738
AM,AM,3_5,Edge,NYSY,3_5 E NYSY,49.78462989,2.110846965,23.58514413,-29.28791911,4.467433219
AM,AM,3_5,Center,ACRU,3_5 C ACRU,50.67082989,2.751217689,18.41760109,-31.00238059,1.457940013
AM,AM,3_5,Center,ACRU,3_5 C ACRU,51.90811229,1.834511433,28.29533322,-31.32974697,1.274986482
AM,AM,3_5,Center,ACRU,3_5 C ACRU,51.64606997,1.641682324,31.45923497,-31.24759211,0.940076888
AM,AM,3_5,Center,ACRU,3_5 C ACRU,50.54912143,2.482193606,20.3646973,-30.81635363,-0.084377185
AM,AM,3_5,Center,ACRU,3_5 C ACRU,51.83980912,2.465114269,21.02937368,-30.84151247,3.236969993
AM,AM,3_5,Center,PRSE,3_5 C PRSE,50.76823561,3.773609881,13.45349339,-31.13216662,3.06629742
AM,AM,3_5,Center,PRSE,3_5 C PRSE,51.4817891,3.763371223,13.67969994,-30.62479363,0.935216045
AM,AM,3_5,Center,PRSE,3_5 C PRSE,50.86640138,3.98753086,12.75636557,-31.08903915,1.46188302
EcM,AM,14_7,Center,ACRU,14_7 C ACRU,48.85950604,2.681931417,18.21802963,-32.15405096,2.774180622
AM,AM,3_5,Center,ACSA,3_5 C ACSA,49.68527478,2.111474257,23.53108243,-28.93191317,0.200282122
AM,AM,3_5,Center,ACSA,3_5 C ACSA,49.6508995,2.047778131,24.24622997,-29.62539636,0.217990029
AM,AM,3_5,Center,NYSY,3_5 C NYSY,48.96801671,2.081314418,23.52744799,-29.69402589,2.022857033
AM,AM,3_5,Center,NYSY,3_5 C NYSY,50.07143613,2.967085397,16.87563027,-28.92553588,3.726957807
AM,EcM,2_9,Edge,QURU,2_9 E QURU,48.99212707,2.37316256,20.64423563,-29.7315012,4.226838111
AM,EcM,2_9,Edge,QURU,2_9 E QURU,49.12952643,2.500493453,19.64793244,-29.67116283,4.044401302
AM,EcM,2_9,Edge,QURU,2_9 E QURU,49.1832273,2.006386989,24.51333046,-27.96941941,4.980202401
AM,EcM,2_9,Center,TIAM,2_9 C TIAM,48.74301575,3.150388823,15.47206344,-28.99260928,1.587302536
AM,EcM,2_9,Center,TIAM,2_9 C TIAM,48.66530383,2.870579619,16.95312804,-29.12681043,2.079286991
AM,EcM,2_9,Center,BELE,2_9 C BELE,49.74347994,3.198125988,15.55394632,-31.79497402,3.953019279
AM,EcM,2_9,Center,BELE,2_9 C BELE,50.06585961,2.54673408,19.65884857,-31.58059592,2.110405025
AM,EcM,2_9,Center,BELE,2_9 C BELE,49.77749121,2.608514377,19.08269766,-31.54302319,1.057387227
AM,EcM,2_9,Edge,TIAM,2_9 E TIAM,47.61623122,2.968776733,16.03900714,-29.99099588,1.826850405
AM,EcM,2_9,Edge,TIAM,2_9 E TIAM,48.44109084,2.982521829,16.24165509,-28.91301145,1.766583998
AM,EcM,2_9,Edge,TIAM,2_9 E TIAM,47.88674859,3.253240904,14.71970567,-28.90701715,1.703918493
AM,EcM,2_9,Edge,BELE,2_9 E BELE,49.70254094,3.069533986,16.19221066,-31.33221953,2.952432552
AM,EcM,2_9,Edge,BELE,2_9 E BELE,48.80152719,2.951587918,16.5339907,-31.69125822,2.584238601
AM,EcM,2_9,Edge,BELE,2_9 E BELE,49.01053749,2.775612782,17.65755577,-31.32149866,1.604804453
AM,EcM,2_9,Center,QURU,2_9 C QURU,50.24407299,2.758875823,18.21179212,-28.00494837,4.019183328
AM,EcM,2_9,Center,QURU,2_9 C QURU,49.48345418,2.76521648,17.89496574,-28.31726966,2.23960641